timestamp,value,bucket,day
2024-12-07 00:00:00,bed,1_4_13,2024-12-07
2024-12-07 00:01:08,bed,1_4_13,2024-12-07
2024-12-07 00:02:08,bed,1_4_13,2024-12-07
2024-12-07 00:03:16,bed,1_4_13,2024-12-07
2024-12-07 00:04:33,bed,1_4_13,2024-12-07
2024-12-07 00:05:36,bed,1_4_13,2024-12-07
2024-12-07 00:06:52,bed,1_4_13,2024-12-07
2024-12-07 00:08:11,bed,1_4_13,2024-12-07
2024-12-07 00:09:22,bed,1_4_13,2024-12-07
2024-12-07 00:10:31,bed,1_4_13,2024-12-07
2024-12-07 00:11:39,bed,1_4_13,2024-12-07
2024-12-07 00:12:59,bed,1_4_13,2024-12-07
2024-12-07 00:14:00,bed,1_4_13,2024-12-07
2024-12-07 00:15:16,bed,1_4_13,2024-12-07
2024-12-07 00:16:19,bed,1_4_13,2024-12-07
2024-12-07 00:17:36,bed,1_4_13,2024-12-07
2024-12-07 00:18:37,bed,1_4_13,2024-12-07
2024-12-07 00:19:42,bed,1_4_13,2024-12-07
2024-12-07 00:20:54,bed,1_4_13,2024-12-07
2024-12-07 00:22:14,bed,1_4_13,2024-12-07
2024-12-07 00:23:28,bed,1_4_13,2024-12-07
2024-12-07 00:24:32,bed,1_4_13,2024-12-07
2024-12-07 00:25:33,bed,1_4_13,2024-12-07
2024-12-07 00:26:52,bed,1_4_13,2024-12-07
2024-12-07 00:28:10,bed,1_4_13,2024-12-07
2024-12-07 00:29:11,bed,1_4_13,2024-12-07
2024-12-07 00:30:18,bed,1_4_13,2024-12-07
2024-12-07 00:31:38,bed,1_4_13,2024-12-07
2024-12-07 00:32:49,bed,1_4_13,2024-12-07
2024-12-07 00:34:01,bed,1_4_13,2024-12-07
2024-12-07 00:35:03,bed,1_4_13,2024-12-07
2024-12-07 00:36:18,bed,1_4_13,2024-12-07
2024-12-07 00:37:37,bed,1_4_13,2024-12-07
2024-12-07 00:38:55,bed,1_4_13,2024-12-07
2024-12-07 00:40:06,bed,1_4_13,2024-12-07
2024-12-07 00:41:21,bed,1_4_13,2024-12-07
2024-12-07 00:42:28,bed,1_4_13,2024-12-07
2024-12-07 00:43:45,bed,1_4_13,2024-12-07
2024-12-07 00:44:56,bed,1_4_13,2024-12-07
2024-12-07 00:46:02,bed,1_4_13,2024-12-07
2024-12-07 00:47:11,bed,1_4_13,2024-12-07
2024-12-07 00:48:28,bed,1_4_13,2024-12-07
2024-12-07 00:49:39,bed,1_4_13,2024-12-07
2024-12-07 00:50:48,bed,1_4_13,2024-12-07
2024-12-07 00:51:56,bed,1_4_13,2024-12-07
2024-12-07 00:53:04,bed,1_4_13,2024-12-07
2024-12-07 00:54:10,bed,1_4_13,2024-12-07
2024-12-07 00:55:20,bed,1_4_13,2024-12-07
2024-12-07 00:56:36,bed,1_4_13,2024-12-07
2024-12-07 00:57:48,bed,1_4_13,2024-12-07
2024-12-07 00:59:04,bed,1_4_13,2024-12-07
2024-12-07 01:00:20,bed,1_4_13,2024-12-07
2024-12-07 01:01:21,bed,1_4_13,2024-12-07
2024-12-07 01:02:27,bed,1_4_13,2024-12-07
2024-12-07 01:03:28,bed,1_4_13,2024-12-07
2024-12-07 01:04:46,bed,1_4_13,2024-12-07
2024-12-07 01:06:05,bed,1_4_13,2024-12-07
2024-12-07 01:07:18,bed,1_4_13,2024-12-07
2024-12-07 01:08:20,bed,1_4_13,2024-12-07
2024-12-07 01:09:27,bed,1_4_13,2024-12-07
2024-12-07 01:10:34,bed,1_4_13,2024-12-07
2024-12-07 01:11:49,bed,1_4_13,2024-12-07
2024-12-07 01:13:08,bed,1_4_13,2024-12-07
2024-12-07 01:14:12,bed,1_4_13,2024-12-07
2024-12-07 01:15:32,bed,1_4_13,2024-12-07
2024-12-07 01:16:36,bed,1_4_13,2024-12-07
2024-12-07 01:17:53,bed,1_4_13,2024-12-07
2024-12-07 01:19:04,bed,1_4_13,2024-12-07
2024-12-07 01:20:22,bed,1_4_13,2024-12-07
2024-12-07 01:21:38,bed,1_4_13,2024-12-07
2024-12-07 01:22:42,bed,1_4_13,2024-12-07
2024-12-07 01:23:57,bed,1_4_13,2024-12-07
2024-12-07 01:25:00,bed,1_4_13,2024-12-07
2024-12-07 01:26:10,bed,1_4_13,2024-12-07
2024-12-07 01:27:17,bed,1_4_13,2024-12-07
2024-12-07 01:28:18,bed,1_4_13,2024-12-07
2024-12-07 01:29:22,bed,1_4_13,2024-12-07
2024-12-07 01:30:32,bed,1_4_13,2024-12-07
2024-12-07 01:31:37,bed,1_4_13,2024-12-07
2024-12-07 01:32:53,bed,1_4_13,2024-12-07
2024-12-07 01:34:08,bed,1_4_13,2024-12-07
2024-12-07 01:35:22,bed,1_4_13,2024-12-07
2024-12-07 01:36:28,bed,1_4_13,2024-12-07
2024-12-07 01:37:33,bed,1_4_13,2024-12-07
2024-12-07 01:38:47,bed,1_4_13,2024-12-07
2024-12-07 01:39:52,bed,1_4_13,2024-12-07
2024-12-07 01:41:01,bed,1_4_13,2024-12-07
2024-12-07 01:42:11,bed,1_4_13,2024-12-07
2024-12-07 01:43:22,bed,1_4_13,2024-12-07
2024-12-07 01:44:34,bed,1_4_13,2024-12-07
2024-12-07 01:45:39,bed,1_4_13,2024-12-07
2024-12-07 01:46:51,bed,1_4_13,2024-12-07
2024-12-07 01:48:04,bed,1_4_13,2024-12-07
2024-12-07 01:49:05,bed,1_4_13,2024-12-07
2024-12-07 01:50:05,bed,1_4_13,2024-12-07
2024-12-07 01:51:05,bed,1_4_13,2024-12-07
2024-12-07 01:52:19,bed,1_4_13,2024-12-07
2024-12-07 01:53:33,bed,1_4_13,2024-12-07
2024-12-07 01:54:38,bed,1_4_13,2024-12-07
2024-12-07 01:55:40,bed,1_4_13,2024-12-07
2024-12-07 01:56:54,bed,1_4_13,2024-12-07
2024-12-07 01:58:10,bed,1_4_13,2024-12-07
2024-12-07 01:59:19,bed,1_4_13,2024-12-07
2024-12-07 02:00:33,bed,1_4_13,2024-12-07
2024-12-07 02:01:37,bed,1_4_13,2024-12-07
2024-12-07 02:02:45,bed,1_4_13,2024-12-07
2024-12-07 02:03:58,bed,1_4_13,2024-12-07
2024-12-07 02:05:06,bed,1_4_13,2024-12-07
2024-12-07 02:06:19,bed,1_4_13,2024-12-07
2024-12-07 02:07:33,bed,1_4_13,2024-12-07
2024-12-07 02:08:33,bed,1_4_13,2024-12-07
2024-12-07 02:09:45,bed,1_4_13,2024-12-07
2024-12-07 02:10:54,bed,1_4_13,2024-12-07
2024-12-07 02:12:03,bed,1_4_13,2024-12-07
2024-12-07 02:13:22,bed,1_4_13,2024-12-07
2024-12-07 02:14:34,bed,1_4_13,2024-12-07
2024-12-07 02:15:38,bed,1_4_13,2024-12-07
2024-12-07 02:16:39,bed,1_4_13,2024-12-07
2024-12-07 02:17:49,bed,1_4_13,2024-12-07
2024-12-07 02:19:05,bed,1_4_13,2024-12-07
2024-12-07 02:20:20,bed,1_4_13,2024-12-07
2024-12-07 02:21:30,bed,1_4_13,2024-12-07
2024-12-07 02:22:38,bed,1_4_13,2024-12-07
2024-12-07 02:23:38,bed,1_4_13,2024-12-07
2024-12-07 02:24:52,bed,1_4_13,2024-12-07
2024-12-07 02:26:12,bed,1_4_13,2024-12-07
2024-12-07 02:27:15,bed,1_4_13,2024-12-07
2024-12-07 02:28:26,bed,1_4_13,2024-12-07
2024-12-07 02:29:32,bed,1_4_13,2024-12-07
2024-12-07 02:30:47,bed,1_4_13,2024-12-07
2024-12-07 02:31:47,bed,1_4_13,2024-12-07
2024-12-07 02:32:59,bed,1_4_13,2024-12-07
2024-12-07 02:34:11,bed,1_4_13,2024-12-07
2024-12-07 02:35:27,bed,1_4_13,2024-12-07
2024-12-07 02:36:39,bed,1_4_13,2024-12-07
2024-12-07 02:37:39,bed,1_4_13,2024-12-07
2024-12-07 02:38:49,bed,1_4_13,2024-12-07
2024-12-07 02:39:59,bed,1_4_13,2024-12-07
2024-12-07 02:41:04,bed,1_4_13,2024-12-07
2024-12-07 02:42:21,bed,1_4_13,2024-12-07
2024-12-07 02:43:28,bed,1_4_13,2024-12-07
2024-12-07 02:44:48,bed,1_4_13,2024-12-07
2024-12-07 02:45:49,bed,1_4_13,2024-12-07
2024-12-07 02:47:09,bed,1_4_13,2024-12-07
2024-12-07 02:48:13,bed,1_4_13,2024-12-07
2024-12-07 02:49:33,bed,1_4_13,2024-12-07
2024-12-07 02:50:51,bed,1_4_13,2024-12-07
2024-12-07 02:51:54,bed,1_4_13,2024-12-07
2024-12-07 02:52:57,bed,1_4_13,2024-12-07
2024-12-07 02:54:17,bed,1_4_13,2024-12-07
2024-12-07 02:55:32,bed,1_4_13,2024-12-07
2024-12-07 02:56:44,bed,1_4_13,2024-12-07
2024-12-07 02:58:00,bed,1_4_13,2024-12-07
2024-12-07 02:59:15,bed,1_4_13,2024-12-07
2024-12-07 03:00:25,bed,1_4_13,2024-12-07
2024-12-07 03:01:29,bed,1_4_13,2024-12-07
2024-12-07 03:02:42,bed,1_4_13,2024-12-07
2024-12-07 03:03:57,bed,1_4_13,2024-12-07
2024-12-07 03:05:03,bed,1_4_13,2024-12-07
2024-12-07 03:06:21,bed,1_4_13,2024-12-07
2024-12-07 03:07:32,bed,1_4_13,2024-12-07
2024-12-07 03:08:51,bed,1_4_13,2024-12-07
2024-12-07 03:10:08,bed,1_4_13,2024-12-07
2024-12-07 03:11:14,bed,1_4_13,2024-12-07
2024-12-07 03:12:31,bed,1_4_13,2024-12-07
2024-12-07 03:13:46,bed,1_4_13,2024-12-07
2024-12-07 03:14:48,bed,1_4_13,2024-12-07
2024-12-07 03:15:51,bed,1_4_13,2024-12-07
2024-12-07 03:17:06,bed,1_4_13,2024-12-07
2024-12-07 03:18:09,bed,1_4_13,2024-12-07
2024-12-07 03:19:13,bed,1_4_13,2024-12-07
2024-12-07 03:20:32,bed,1_4_13,2024-12-07
2024-12-07 03:21:52,bed,1_4_13,2024-12-07
2024-12-07 03:23:03,bed,1_4_13,2024-12-07
2024-12-07 03:24:19,bed,1_4_13,2024-12-07
2024-12-07 03:25:22,bed,1_4_13,2024-12-07
2024-12-07 03:26:38,bed,1_4_13,2024-12-07
2024-12-07 03:27:44,bed,1_4_13,2024-12-07
2024-12-07 03:28:59,bed,1_4_13,2024-12-07
2024-12-07 03:30:05,bed,1_4_13,2024-12-07
2024-12-07 03:31:10,bed,1_4_13,2024-12-07
2024-12-07 03:32:16,bed,1_4_13,2024-12-07
2024-12-07 03:33:32,bed,1_4_13,2024-12-07
2024-12-07 03:34:45,bed,1_4_13,2024-12-07
2024-12-07 03:36:00,bed,1_4_13,2024-12-07
2024-12-07 03:37:07,bed,1_4_13,2024-12-07
2024-12-07 03:38:12,bed,1_4_13,2024-12-07
2024-12-07 03:39:30,bed,1_4_13,2024-12-07
2024-12-07 03:40:47,bed,1_4_13,2024-12-07
2024-12-07 03:42:07,bed,1_4_13,2024-12-07
2024-12-07 03:43:11,bed,1_4_13,2024-12-07
2024-12-07 03:44:31,bed,1_4_13,2024-12-07
2024-12-07 03:45:43,bed,1_4_13,2024-12-07
2024-12-07 03:47:03,bed,1_4_13,2024-12-07
2024-12-07 03:48:10,bed,1_4_13,2024-12-07
2024-12-07 03:49:22,bed,1_4_13,2024-12-07
2024-12-07 03:50:34,bed,1_4_13,2024-12-07
2024-12-07 03:51:42,bed,1_4_13,2024-12-07
2024-12-07 03:52:42,bed,1_4_13,2024-12-07
2024-12-07 03:53:58,bed,1_4_13,2024-12-07
2024-12-07 03:55:07,bed,1_4_13,2024-12-07
2024-12-07 03:56:11,bed,1_4_13,2024-12-07
2024-12-07 03:57:27,bed,1_4_13,2024-12-07
2024-12-07 03:58:37,bed,1_4_13,2024-12-07
2024-12-07 03:59:55,bed,1_4_13,2024-12-07
2024-12-07 04:01:03,bed,1_4_13,2024-12-07
2024-12-07 04:02:17,bed,1_4_13,2024-12-07
2024-12-07 04:03:34,bed,1_4_13,2024-12-07
2024-12-07 04:04:42,bed,1_4_13,2024-12-07
2024-12-07 04:05:50,bed,1_4_13,2024-12-07
2024-12-07 04:07:08,bed,1_4_13,2024-12-07
2024-12-07 04:08:19,bed,1_4_13,2024-12-07
2024-12-07 04:09:33,bed,1_4_13,2024-12-07
2024-12-07 04:10:38,bed,1_4_13,2024-12-07
2024-12-07 04:11:52,bed,1_4_13,2024-12-07
2024-12-07 04:13:06,bed,1_4_13,2024-12-07
2024-12-07 04:14:06,bed,1_4_13,2024-12-07
2024-12-07 04:15:20,bed,1_4_13,2024-12-07
2024-12-07 04:16:32,bed,1_4_13,2024-12-07
2024-12-07 04:17:33,bed,1_4_13,2024-12-07
2024-12-07 04:18:52,bed,1_4_13,2024-12-07
2024-12-07 04:20:07,bed,1_4_13,2024-12-07
2024-12-07 04:21:22,bed,1_4_13,2024-12-07
2024-12-07 04:22:33,bed,1_4_13,2024-12-07
2024-12-07 04:23:35,bed,1_4_13,2024-12-07
2024-12-07 04:24:41,bed,1_4_13,2024-12-07
2024-12-07 04:25:46,bed,1_4_13,2024-12-07
2024-12-07 04:26:59,bed,1_4_13,2024-12-07
2024-12-07 04:28:11,bed,1_4_13,2024-12-07
2024-12-07 04:29:31,bed,1_4_13,2024-12-07
2024-12-07 04:30:39,bed,1_4_13,2024-12-07
2024-12-07 04:31:57,bed,1_4_13,2024-12-07
2024-12-07 04:33:08,bed,1_4_13,2024-12-07
2024-12-07 04:34:17,bed,1_4_13,2024-12-07
2024-12-07 04:35:31,bed,1_4_13,2024-12-07
2024-12-07 04:36:44,bed,1_4_13,2024-12-07
2024-12-07 04:37:59,bed,1_4_13,2024-12-07
2024-12-07 04:39:17,bed,1_4_13,2024-12-07
2024-12-07 04:40:30,bed,1_4_13,2024-12-07
2024-12-07 04:41:43,bed,1_4_13,2024-12-07
2024-12-07 04:43:00,bed,1_4_13,2024-12-07
2024-12-07 04:44:03,bed,1_4_13,2024-12-07
2024-12-07 04:45:03,bed,1_4_13,2024-12-07
2024-12-07 04:46:03,bed,1_4_13,2024-12-07
2024-12-07 04:47:18,bed,1_4_13,2024-12-07
2024-12-07 04:48:20,bed,1_4_13,2024-12-07
2024-12-07 04:49:23,bed,1_4_13,2024-12-07
2024-12-07 04:50:33,bed,1_4_13,2024-12-07
2024-12-07 04:51:50,bed,1_4_13,2024-12-07
2024-12-07 04:53:02,bed,1_4_13,2024-12-07
2024-12-07 04:54:09,bed,1_4_13,2024-12-07
2024-12-07 04:55:11,bed,1_4_13,2024-12-07
2024-12-07 04:56:15,bed,1_4_13,2024-12-07
2024-12-07 04:57:33,bed,1_4_13,2024-12-07
2024-12-07 04:58:39,bed,1_4_13,2024-12-07
2024-12-07 04:59:42,bed,1_4_13,2024-12-07
2024-12-07 05:00:57,bed,1_4_13,2024-12-07
2024-12-07 05:01:59,bed,1_4_13,2024-12-07
2024-12-07 05:03:07,bed,1_4_13,2024-12-07
2024-12-07 05:04:25,bed,1_4_13,2024-12-07
2024-12-07 05:05:39,bed,1_4_13,2024-12-07
2024-12-07 05:06:59,bed,1_4_13,2024-12-07
2024-12-07 05:08:14,bed,1_4_13,2024-12-07
2024-12-07 05:09:27,bed,1_4_13,2024-12-07
2024-12-07 05:10:31,bed,1_4_13,2024-12-07
2024-12-07 05:11:43,bed,1_4_13,2024-12-07
2024-12-07 05:12:47,bed,1_4_13,2024-12-07
2024-12-07 05:13:47,bed,1_4_13,2024-12-07
2024-12-07 05:14:54,bed,1_4_13,2024-12-07
2024-12-07 05:15:59,bed,1_4_13,2024-12-07
2024-12-07 05:16:59,bed,1_4_13,2024-12-07
2024-12-07 05:18:00,bed,1_4_13,2024-12-07
2024-12-07 05:19:01,bed,1_4_13,2024-12-07
2024-12-07 05:20:14,bed,1_4_13,2024-12-07
2024-12-07 05:21:29,bed,1_4_13,2024-12-07
2024-12-07 05:22:43,bed,1_4_13,2024-12-07
2024-12-07 05:24:03,bed,1_4_13,2024-12-07
2024-12-07 05:25:05,bed,1_4_13,2024-12-07
2024-12-07 05:26:23,bed,1_4_13,2024-12-07
2024-12-07 05:27:30,bed,1_4_13,2024-12-07
2024-12-07 05:28:34,bed,1_4_13,2024-12-07
2024-12-07 05:29:36,bed,1_4_13,2024-12-07
2024-12-07 05:30:50,bed,1_4_13,2024-12-07
2024-12-07 05:31:56,bed,1_4_13,2024-12-07
2024-12-07 05:33:10,bed,1_4_13,2024-12-07
2024-12-07 05:34:17,bed,1_4_13,2024-12-07
2024-12-07 05:35:19,bed,1_4_13,2024-12-07
2024-12-07 05:36:39,bed,1_4_13,2024-12-07
2024-12-07 05:37:44,bed,1_4_13,2024-12-07
2024-12-07 05:38:44,bed,1_4_13,2024-12-07
2024-12-07 05:39:47,bed,1_4_13,2024-12-07
2024-12-07 05:40:56,bed,1_4_13,2024-12-07
2024-12-07 05:42:00,bed,1_4_13,2024-12-07
2024-12-07 05:43:06,bed,1_4_13,2024-12-07
2024-12-07 05:44:17,bed,1_4_13,2024-12-07
2024-12-07 05:45:25,bed,1_4_13,2024-12-07
2024-12-07 05:46:26,bed,1_4_13,2024-12-07
2024-12-07 05:47:42,bed,1_4_13,2024-12-07
2024-12-07 05:48:56,bed,1_4_13,2024-12-07
2024-12-07 05:50:09,bed,1_4_13,2024-12-07
2024-12-07 05:51:28,bed,1_4_13,2024-12-07
2024-12-07 05:52:28,bed,1_4_13,2024-12-07
2024-12-07 05:53:33,bed,1_4_13,2024-12-07
2024-12-07 05:54:42,bed,1_4_13,2024-12-07
2024-12-07 05:56:00,bed,1_4_13,2024-12-07
2024-12-07 05:57:08,bed,1_4_13,2024-12-07
2024-12-07 05:58:27,bed,1_4_13,2024-12-07
2024-12-07 05:59:35,bed,1_4_13,2024-12-07
2024-12-07 06:00:39,bed,1_4_13,2024-12-07
2024-12-07 06:01:51,bed,1_4_13,2024-12-07
2024-12-07 06:02:52,bed,1_4_13,2024-12-07
2024-12-07 06:03:54,bed,1_4_13,2024-12-07
2024-12-07 06:05:09,bed,1_4_13,2024-12-07
2024-12-07 06:06:09,bed,1_4_13,2024-12-07
2024-12-07 06:07:15,bed,1_4_13,2024-12-07
2024-12-07 06:08:23,bed,1_4_13,2024-12-07
2024-12-07 06:09:37,bed,1_4_13,2024-12-07
2024-12-07 06:10:37,bed,1_4_13,2024-12-07
2024-12-07 06:11:42,bed,1_4_13,2024-12-07
2024-12-07 06:12:45,bed,1_4_13,2024-12-07
2024-12-07 06:13:47,bed,1_4_13,2024-12-07
2024-12-07 06:14:56,bed,1_4_13,2024-12-07
2024-12-07 06:16:00,bed,1_4_13,2024-12-07
2024-12-07 06:17:16,bed,1_4_13,2024-12-07
2024-12-07 06:18:25,bed,1_4_13,2024-12-07
2024-12-07 06:19:26,bed,1_4_13,2024-12-07
2024-12-07 06:20:28,bed,1_4_13,2024-12-07
2024-12-07 06:21:31,bed,1_4_13,2024-12-07
2024-12-07 06:22:49,bed,1_4_13,2024-12-07
2024-12-07 06:23:50,bed,1_4_13,2024-12-07
2024-12-07 06:24:58,bed,1_4_13,2024-12-07
2024-12-07 06:26:11,bed,1_4_13,2024-12-07
2024-12-07 06:27:29,bed,1_4_13,2024-12-07
2024-12-07 06:28:38,bed,1_4_13,2024-12-07
2024-12-07 06:29:47,bed,1_4_13,2024-12-07
2024-12-07 06:31:04,bed,1_4_13,2024-12-07
2024-12-07 06:32:10,bed,1_4_13,2024-12-07
2024-12-07 06:33:11,bed,1_4_13,2024-12-07
2024-12-07 06:34:11,bed,1_4_13,2024-12-07
2024-12-07 06:35:17,bed,1_4_13,2024-12-07
2024-12-07 06:36:28,bed,1_4_13,2024-12-07
2024-12-07 06:37:44,bed,1_4_13,2024-12-07
2024-12-07 06:38:50,bed,1_4_13,2024-12-07
2024-12-07 06:39:51,bed,1_4_13,2024-12-07
2024-12-07 06:40:57,bed,1_4_13,2024-12-07
2024-12-07 06:42:01,bed,1_4_13,2024-12-07
2024-12-07 06:43:18,bed,1_4_13,2024-12-07
2024-12-07 06:44:37,bed,1_4_13,2024-12-07
2024-12-07 06:45:49,bed,1_4_13,2024-12-07
2024-12-07 06:46:49,bed,1_4_13,2024-12-07
2024-12-07 06:47:54,bed,1_4_13,2024-12-07
2024-12-07 06:49:02,bed,1_4_13,2024-12-07
2024-12-07 06:50:22,bed,1_4_13,2024-12-07
2024-12-07 06:51:35,bed,1_4_13,2024-12-07
2024-12-07 06:52:55,bed,1_4_13,2024-12-07
2024-12-07 06:53:56,bed,1_4_13,2024-12-07
2024-12-07 06:55:07,bed,1_4_13,2024-12-07
2024-12-07 06:56:11,bed,1_4_13,2024-12-07
2024-12-07 06:57:28,bed,1_4_13,2024-12-07
2024-12-07 06:58:38,bed,1_4_13,2024-12-07
2024-12-07 06:59:43,bed,1_4_13,2024-12-07
2024-12-07 07:00:53,bed,1_4_13,2024-12-07
2024-12-07 07:01:56,bed,1_4_13,2024-12-07
2024-12-07 07:03:06,bed,1_4_13,2024-12-07
2024-12-07 07:04:19,bed,1_4_13,2024-12-07
2024-12-07 07:05:19,bed,1_4_13,2024-12-07
2024-12-07 07:06:39,bed,1_4_13,2024-12-07
2024-12-07 07:07:47,bed,1_4_13,2024-12-07
2024-12-07 07:08:55,bed,1_4_13,2024-12-07
2024-12-07 07:10:01,bed,1_4_13,2024-12-07
2024-12-07 07:11:08,bed,1_4_13,2024-12-07
2024-12-07 07:12:11,bed,1_4_13,2024-12-07
2024-12-07 07:13:28,bed,1_4_13,2024-12-07
2024-12-07 07:14:38,bed,1_4_13,2024-12-07
2024-12-07 07:15:46,bed,1_4_13,2024-12-07
2024-12-07 07:16:48,bed,1_4_13,2024-12-07
2024-12-07 07:17:57,bed,1_4_13,2024-12-07
2024-12-07 07:19:10,bed,1_4_13,2024-12-07
2024-12-07 07:20:15,bed,1_4_13,2024-12-07
2024-12-07 07:21:21,bed,1_4_13,2024-12-07
2024-12-07 07:22:29,bed,1_4_13,2024-12-07
2024-12-07 07:23:42,bed,1_4_13,2024-12-07
2024-12-07 07:25:00,bed,1_4_13,2024-12-07
2024-12-07 07:26:04,bed,1_4_13,2024-12-07
2024-12-07 07:27:06,bed,1_4_13,2024-12-07
2024-12-07 07:28:14,bed,1_4_13,2024-12-07
2024-12-07 07:29:33,bed,1_4_13,2024-12-07
2024-12-07 07:30:40,bed,1_4_13,2024-12-07
2024-12-07 07:31:54,bed,1_4_13,2024-12-07
2024-12-07 07:33:08,bed,1_4_13,2024-12-07
2024-12-07 07:34:15,bed,1_4_13,2024-12-07
2024-12-07 07:35:27,bed,1_4_13,2024-12-07
2024-12-07 07:36:30,bed,1_4_13,2024-12-07
2024-12-07 07:37:30,bed,1_4_13,2024-12-07
2024-12-07 07:38:44,bed,1_4_13,2024-12-07
2024-12-07 07:39:45,bed,1_4_13,2024-12-07
2024-12-07 07:41:00,bed,1_4_13,2024-12-07
2024-12-07 07:42:01,bed,1_4_13,2024-12-07
2024-12-07 07:43:20,bed,1_4_13,2024-12-07
2024-12-07 07:44:32,bed,1_4_13,2024-12-07
2024-12-07 07:45:50,bed,1_4_13,2024-12-07
2024-12-07 07:46:51,bed,1_4_13,2024-12-07
2024-12-07 07:47:56,bed,1_4_13,2024-12-07
2024-12-07 07:49:04,bed,1_4_13,2024-12-07
2024-12-07 07:50:15,bed,1_4_13,2024-12-07
2024-12-07 07:51:21,bed,1_4_13,2024-12-07
2024-12-07 07:52:41,bed,1_4_13,2024-12-07
2024-12-07 07:53:41,bed,1_4_13,2024-12-07
2024-12-07 07:55:00,bed,1_4_13,2024-12-07
2024-12-07 07:56:13,bed,1_4_13,2024-12-07
2024-12-07 07:57:29,bed,1_4_13,2024-12-07
2024-12-07 07:58:39,bed,1_4_13,2024-12-07
2024-12-07 07:59:46,bed,1_4_13,2024-12-07
2024-12-07 12:00:00,bed,1_4_13,2024-12-07
2024-12-07 12:01:04,bed,1_4_13,2024-12-07
2024-12-07 12:02:13,bed,1_4_13,2024-12-07
2024-12-07 12:03:29,bed,1_4_13,2024-12-07
2024-12-07 12:04:29,bed,1_4_13,2024-12-07
2024-12-07 12:05:37,bed,1_4_13,2024-12-07
2024-12-07 12:06:38,bed,1_4_13,2024-12-07
2024-12-07 12:07:54,bed,1_4_13,2024-12-07
2024-12-07 12:09:07,bed,1_4_13,2024-12-07
2024-12-07 12:10:19,bathroom,1_3_11,2024-12-07
2024-12-07 12:11:31,bathroom,1_3_11,2024-12-07
2024-12-07 12:12:38,bathroom,1_3_11,2024-12-07
2024-12-07 12:13:47,bathroom,1_3_11,2024-12-07
2024-12-07 12:14:57,bathroom,1_3_11,2024-12-07
2024-12-07 12:16:09,bathroom,1_3_11,2024-12-07
2024-12-07 12:17:25,bathroom,1_3_11,2024-12-07
2024-12-07 12:18:31,bathroom,1_3_11,2024-12-07
2024-12-07 12:19:33,bathroom,1_3_11,2024-12-07
2024-12-07 12:20:51,bathroom,1_3_11,2024-12-07
2024-12-07 12:21:58,bathroom,1_3_11,2024-12-07
2024-12-07 12:23:01,bathroom,1_3_11,2024-12-07
2024-12-07 12:24:17,bathroom,1_3_11,2024-12-07
2024-12-07 12:25:28,bathroom,1_3_11,2024-12-07
2024-12-07 12:26:32,bathroom,1_3_11,2024-12-07
2024-12-07 12:27:51,bathroom,1_3_11,2024-12-07
2024-12-07 12:28:53,bathroom,1_3_11,2024-12-07
2024-12-07 12:29:55,bathroom,1_3_11,2024-12-07
2024-12-07 12:31:00,bathroom,1_3_11,2024-12-07
2024-12-07 12:32:15,bathroom,1_3_11,2024-12-07
2024-12-07 12:33:17,bathroom,1_3_11,2024-12-07
2024-12-07 12:35:42,door,1_3_14,2024-12-07
2024-12-07 12:36:45,door,1_3_14,2024-12-07
2024-12-07 12:37:48,door,1_3_14,2024-12-07
2024-12-07 12:37:48,corridor,1_2_2,2024-12-07
2024-12-07 12:39:02,corridor,1_2_2,2024-12-07
2024-12-07 12:40:22,corridor,1_2_2,2024-12-07
2024-12-07 12:41:26,corridor,1_2_2,2024-12-07
2024-12-07 12:42:35,corridor,1_2_2,2024-12-07
2024-12-07 12:43:49,corridor,1_2_2,2024-12-07
2024-12-07 12:44:55,corridor,1_2_2,2024-12-07
2024-12-07 12:46:02,corridor,1_2_2,2024-12-07
2024-12-07 12:47:19,corridor,1_2_2,2024-12-07
2024-12-07 12:48:19,corridor,1_2_2,2024-12-07
2024-12-07 12:49:24,corridor,1_2_2,2024-12-07
2024-12-07 12:50:32,corridor,1_2_2,2024-12-07
2024-12-07 12:51:37,corridor,1_2_2,2024-12-07
2024-12-07 12:52:48,corridor,1_2_2,2024-12-07
2024-12-07 12:53:50,corridor,1_2_2,2024-12-07
2024-12-07 12:55:02,corridor,1_2_2,2024-12-07
2024-12-07 12:56:17,corridor,1_2_2,2024-12-07
2024-12-07 12:57:29,corridor,1_2_2,2024-12-07
2024-12-07 12:58:34,corridor,1_2_2,2024-12-07
2024-12-07 12:59:38,corridor,1_2_2,2024-12-07
2024-12-07 13:00:45,corridor,1_2_2,2024-12-07
2024-12-07 13:01:48,corridor,1_2_2,2024-12-07
2024-12-07 13:03:03,corridor,1_2_2,2024-12-07
2024-12-07 13:04:13,corridor,1_2_2,2024-12-07
2024-12-07 13:05:27,corridor,1_2_2,2024-12-07
2024-12-07 13:06:29,corridor,1_2_2,2024-12-07
2024-12-07 13:07:40,corridor,1_2_2,2024-12-07
2024-12-07 13:08:47,corridor,1_2_2,2024-12-07
2024-12-07 13:10:06,corridor,1_2_2,2024-12-07
2024-12-07 13:11:14,corridor,1_2_2,2024-12-07
2024-12-07 13:12:14,corridor,1_2_2,2024-12-07
2024-12-07 13:13:25,corridor,1_2_2,2024-12-07
2024-12-07 13:14:40,corridor,1_2_2,2024-12-07
2024-12-07 13:15:48,corridor,1_2_2,2024-12-07
2024-12-07 13:16:52,corridor,1_2_2,2024-12-07
2024-12-07 13:18:05,corridor,1_2_2,2024-12-07
2024-12-07 13:19:24,corridor,1_2_2,2024-12-07
2024-12-07 13:20:27,corridor,1_2_2,2024-12-07
2024-12-07 13:21:31,corridor,1_2_2,2024-12-07
2024-12-07 13:22:41,corridor,1_2_2,2024-12-07
2024-12-07 13:23:51,corridor,1_2_2,2024-12-07
2024-12-07 13:24:52,corridor,1_2_2,2024-12-07
2024-12-07 13:25:55,corridor,1_2_2,2024-12-07
2024-12-07 13:26:58,corridor,1_2_2,2024-12-07
2024-12-07 13:28:18,corridor,1_2_2,2024-12-07
2024-12-07 13:29:31,corridor,1_2_2,2024-12-07
2024-12-07 13:30:38,corridor,1_2_2,2024-12-07
2024-12-07 13:31:56,corridor,1_2_2,2024-12-07
2024-12-07 13:32:56,corridor,1_2_2,2024-12-07
2024-12-07 13:34:11,corridor,1_2_2,2024-12-07
2024-12-07 13:35:20,corridor,1_2_2,2024-12-07
2024-12-07 13:36:33,corridor,1_2_2,2024-12-07
2024-12-07 13:37:43,corridor,1_2_2,2024-12-07
2024-12-07 13:38:58,corridor,1_2_2,2024-12-07
2024-12-07 13:40:16,corridor,1_2_2,2024-12-07
2024-12-07 13:41:20,corridor,1_2_2,2024-12-07
2024-12-07 13:42:36,corridor,1_2_2,2024-12-07
2024-12-07 13:43:44,corridor,1_2_2,2024-12-07
2024-12-07 13:44:44,corridor,1_2_2,2024-12-07
2024-12-07 13:45:57,corridor,1_2_2,2024-12-07
2024-12-07 13:47:03,corridor,1_2_2,2024-12-07
2024-12-07 13:48:07,corridor,1_2_2,2024-12-07
2024-12-07 13:49:15,corridor,1_2_2,2024-12-07
2024-12-07 13:50:35,corridor,1_2_2,2024-12-07
2024-12-07 13:51:41,corridor,1_2_2,2024-12-07
2024-12-07 13:52:55,corridor,1_2_2,2024-12-07
2024-12-07 13:54:11,corridor,1_2_2,2024-12-07
2024-12-07 13:55:20,corridor,1_2_2,2024-12-07
2024-12-07 13:56:34,corridor,1_2_2,2024-12-07
2024-12-07 13:57:47,corridor,1_2_2,2024-12-07
2024-12-07 13:58:58,corridor,1_2_2,2024-12-07
2024-12-07 14:00:06,corridor,1_2_2,2024-12-07
2024-12-07 14:01:25,corridor,1_2_2,2024-12-07
2024-12-07 14:02:39,corridor,1_2_2,2024-12-07
2024-12-07 14:03:54,corridor,1_2_2,2024-12-07
2024-12-07 14:05:11,corridor,1_2_2,2024-12-07
2024-12-07 14:06:21,corridor,1_2_2,2024-12-07
2024-12-07 14:07:22,corridor,1_2_2,2024-12-07
2024-12-07 14:08:30,corridor,1_2_2,2024-12-07
2024-12-07 14:09:35,corridor,1_2_2,2024-12-07
2024-12-07 14:10:38,corridor,1_2_2,2024-12-07
2024-12-07 14:11:42,corridor,1_2_2,2024-12-07
2024-12-07 14:12:55,corridor,1_2_2,2024-12-07
2024-12-07 14:13:56,corridor,1_2_2,2024-12-07
2024-12-07 14:15:06,corridor,1_2_2,2024-12-07
2024-12-07 14:16:14,corridor,1_2_2,2024-12-07
2024-12-07 14:17:29,corridor,1_2_2,2024-12-07
2024-12-07 14:18:42,corridor,1_2_2,2024-12-07
2024-12-07 14:19:42,corridor,1_2_2,2024-12-07
2024-12-07 14:20:43,corridor,1_2_2,2024-12-07
2024-12-07 14:22:01,corridor,1_2_2,2024-12-07
2024-12-07 14:23:02,corridor,1_2_2,2024-12-07
2024-12-07 14:24:20,corridor,1_2_2,2024-12-07
2024-12-07 14:25:39,corridor,1_2_2,2024-12-07
2024-12-07 14:26:42,corridor,1_2_2,2024-12-07
2024-12-07 14:27:53,corridor,1_2_2,2024-12-07
2024-12-07 14:29:10,corridor,1_2_2,2024-12-07
2024-12-07 14:30:25,corridor,1_2_2,2024-12-07
2024-12-07 14:31:35,corridor,1_2_2,2024-12-07
2024-12-07 14:32:52,corridor,1_2_2,2024-12-07
2024-12-07 14:33:56,corridor,1_2_2,2024-12-07
2024-12-07 14:35:13,corridor,1_2_2,2024-12-07
2024-12-07 14:36:20,corridor,1_2_2,2024-12-07
2024-12-07 14:37:38,corridor,1_2_2,2024-12-07
2024-12-07 14:38:39,corridor,1_2_2,2024-12-07
2024-12-07 14:39:59,corridor,1_2_2,2024-12-07
2024-12-07 14:40:59,corridor,1_2_2,2024-12-07
2024-12-07 14:42:03,corridor,1_2_2,2024-12-07
2024-12-07 14:43:09,corridor,1_2_2,2024-12-07
2024-12-07 14:44:09,corridor,1_2_2,2024-12-07
2024-12-07 14:45:27,corridor,1_2_2,2024-12-07
2024-12-07 14:46:47,corridor,1_2_2,2024-12-07
2024-12-07 14:47:54,corridor,1_2_2,2024-12-07
2024-12-07 14:49:00,corridor,1_2_2,2024-12-07
2024-12-07 14:50:04,corridor,1_2_2,2024-12-07
2024-12-07 14:51:23,corridor,1_2_2,2024-12-07
2024-12-07 14:52:37,corridor,1_2_2,2024-12-07
2024-12-07 14:53:40,corridor,1_2_2,2024-12-07
2024-12-07 14:54:59,corridor,1_2_2,2024-12-07
2024-12-07 14:56:18,corridor,1_2_2,2024-12-07
2024-12-07 14:57:20,corridor,1_2_2,2024-12-07
2024-12-07 14:58:25,corridor,1_2_2,2024-12-07
2024-12-07 14:59:37,corridor,1_2_2,2024-12-07
2024-12-07 15:00:54,corridor,1_2_2,2024-12-07
2024-12-07 15:02:04,corridor,1_2_2,2024-12-07
2024-12-07 15:03:21,corridor,1_2_2,2024-12-07
2024-12-07 15:04:31,corridor,1_2_2,2024-12-07
2024-12-07 15:05:35,corridor,1_2_2,2024-12-07
2024-12-07 15:06:55,corridor,1_2_2,2024-12-07
2024-12-07 15:07:59,corridor,1_2_2,2024-12-07
2024-12-07 15:09:00,corridor,1_2_2,2024-12-07
2024-12-07 15:10:01,corridor,1_2_2,2024-12-07
2024-12-07 15:11:07,corridor,1_2_2,2024-12-07
2024-12-07 15:12:07,corridor,1_2_2,2024-12-07
2024-12-07 15:13:21,corridor,1_2_2,2024-12-07
2024-12-07 15:14:29,corridor,1_2_2,2024-12-07
2024-12-07 15:15:39,corridor,1_2_2,2024-12-07
2024-12-07 15:16:51,corridor,1_2_2,2024-12-07
2024-12-07 15:18:02,corridor,1_2_2,2024-12-07
2024-12-07 15:19:05,corridor,1_2_2,2024-12-07
2024-12-07 15:20:12,corridor,1_2_2,2024-12-07
2024-12-07 15:21:25,corridor,1_2_2,2024-12-07
2024-12-07 15:22:35,corridor,1_2_2,2024-12-07
2024-12-07 15:23:55,corridor,1_2_2,2024-12-07
2024-12-07 15:25:01,corridor,1_2_2,2024-12-07
2024-12-07 15:26:01,corridor,1_2_2,2024-12-07
2024-12-07 15:27:17,corridor,1_2_2,2024-12-07
2024-12-07 15:28:30,corridor,1_2_2,2024-12-07
2024-12-07 15:29:49,corridor,1_2_2,2024-12-07
2024-12-07 15:30:54,corridor,1_2_2,2024-12-07
2024-12-07 15:32:05,corridor,1_2_2,2024-12-07
2024-12-07 15:33:23,corridor,1_2_2,2024-12-07
2024-12-07 15:34:42,corridor,1_2_2,2024-12-07
2024-12-07 15:35:49,corridor,1_2_2,2024-12-07
2024-12-07 15:37:07,corridor,1_2_2,2024-12-07
2024-12-07 15:38:22,corridor,1_2_2,2024-12-07
2024-12-07 15:39:23,corridor,1_2_2,2024-12-07
2024-12-07 15:40:34,corridor,1_2_2,2024-12-07
2024-12-07 15:41:38,corridor,1_2_2,2024-12-07
2024-12-07 15:42:50,corridor,1_2_2,2024-12-07
2024-12-07 15:43:51,corridor,1_2_2,2024-12-07
2024-12-07 15:45:01,corridor,1_2_2,2024-12-07
2024-12-07 15:46:16,corridor,1_2_2,2024-12-07
2024-12-07 15:47:25,corridor,1_2_2,2024-12-07
2024-12-07 15:48:45,corridor,1_2_2,2024-12-07
2024-12-07 15:49:48,corridor,1_2_2,2024-12-07
2024-12-07 15:50:48,corridor,1_2_2,2024-12-07
2024-12-07 15:51:55,corridor,1_2_2,2024-12-07
2024-12-07 15:52:56,corridor,1_2_2,2024-12-07
2024-12-07 15:54:09,corridor,1_2_2,2024-12-07
2024-12-07 15:55:25,corridor,1_2_2,2024-12-07
2024-12-07 15:56:44,corridor,1_2_2,2024-12-07
2024-12-07 15:57:56,corridor,1_2_2,2024-12-07
2024-12-07 15:59:08,corridor,1_2_2,2024-12-07
2024-12-07 16:00:26,corridor,1_2_2,2024-12-07
2024-12-07 16:01:35,corridor,1_2_2,2024-12-07
2024-12-07 16:02:55,corridor,1_2_2,2024-12-07
2024-12-07 16:04:02,corridor,1_2_2,2024-12-07
2024-12-07 16:05:17,corridor,1_2_2,2024-12-07
2024-12-07 16:06:37,corridor,1_2_2,2024-12-07
2024-12-07 16:07:55,corridor,1_2_2,2024-12-07
2024-12-07 16:09:11,corridor,1_2_2,2024-12-07
2024-12-07 16:10:19,corridor,1_2_2,2024-12-07
2024-12-07 16:11:36,corridor,1_2_2,2024-12-07
2024-12-07 16:12:43,corridor,1_2_2,2024-12-07
2024-12-07 16:14:02,corridor,1_2_2,2024-12-07
2024-12-07 16:15:21,corridor,1_2_2,2024-12-07
2024-12-07 16:16:29,corridor,1_2_2,2024-12-07
2024-12-07 16:17:44,corridor,1_2_2,2024-12-07
2024-12-07 16:18:52,corridor,1_2_2,2024-12-07
2024-12-07 16:19:54,corridor,1_2_2,2024-12-07
2024-12-07 16:20:55,corridor,1_2_2,2024-12-07
2024-12-07 16:21:57,corridor,1_2_2,2024-12-07
2024-12-07 16:23:01,corridor,1_2_2,2024-12-07
2024-12-07 16:24:18,corridor,1_2_2,2024-12-07
2024-12-07 16:25:26,corridor,1_2_2,2024-12-07
2024-12-07 16:26:42,corridor,1_2_2,2024-12-07
2024-12-07 16:27:57,corridor,1_2_2,2024-12-07
2024-12-07 16:29:01,corridor,1_2_2,2024-12-07
2024-12-07 16:30:03,corridor,1_2_2,2024-12-07
2024-12-07 16:31:10,corridor,1_2_2,2024-12-07
2024-12-07 16:32:24,corridor,1_2_2,2024-12-07
2024-12-07 16:33:25,corridor,1_2_2,2024-12-07
2024-12-07 16:34:42,corridor,1_2_2,2024-12-07
2024-12-07 16:35:58,corridor,1_2_2,2024-12-07
2024-12-07 16:37:04,corridor,1_2_2,2024-12-07
2024-12-07 16:38:09,corridor,1_2_2,2024-12-07
2024-12-07 16:39:23,corridor,1_2_2,2024-12-07
2024-12-07 16:40:38,corridor,1_2_2,2024-12-07
2024-12-07 16:41:50,corridor,1_2_2,2024-12-07
2024-12-07 16:43:06,corridor,1_2_2,2024-12-07
2024-12-07 16:44:06,corridor,1_2_2,2024-12-07
2024-12-07 16:45:12,corridor,1_2_2,2024-12-07
2024-12-07 16:46:31,corridor,1_2_2,2024-12-07
2024-12-07 16:47:31,corridor,1_2_2,2024-12-07
2024-12-07 16:48:46,corridor,1_2_2,2024-12-07
2024-12-07 16:49:55,corridor,1_2_2,2024-12-07
2024-12-07 16:51:13,corridor,1_2_2,2024-12-07
2024-12-07 16:52:21,corridor,1_2_2,2024-12-07
2024-12-07 16:53:22,corridor,1_2_2,2024-12-07
2024-12-07 16:54:39,corridor,1_2_2,2024-12-07
2024-12-07 16:55:46,corridor,1_2_2,2024-12-07
2024-12-07 16:56:52,corridor,1_2_2,2024-12-07
2024-12-07 16:57:58,corridor,1_2_2,2024-12-07
2024-12-07 16:59:12,corridor,1_2_2,2024-12-07
2024-12-07 17:00:22,corridor,1_2_2,2024-12-07
2024-12-07 17:01:25,corridor,1_2_2,2024-12-07
2024-12-07 17:02:37,corridor,1_2_2,2024-12-07
2024-12-07 17:03:37,corridor,1_2_2,2024-12-07
2024-12-07 17:04:56,corridor,1_2_2,2024-12-07
2024-12-07 17:06:12,corridor,1_2_2,2024-12-07
2024-12-07 17:07:28,corridor,1_2_2,2024-12-07
2024-12-07 17:08:32,corridor,1_2_2,2024-12-07
2024-12-07 17:09:32,corridor,1_2_2,2024-12-07
2024-12-07 17:10:40,corridor,1_2_2,2024-12-07
2024-12-07 17:11:49,corridor,1_2_2,2024-12-07
2024-12-07 17:13:05,corridor,1_2_2,2024-12-07
2024-12-07 17:14:13,corridor,1_2_2,2024-12-07
2024-12-07 17:15:21,corridor,1_2_2,2024-12-07
2024-12-07 17:16:35,corridor,1_2_2,2024-12-07
2024-12-07 17:17:40,corridor,1_2_2,2024-12-07
2024-12-07 17:18:56,corridor,1_2_2,2024-12-07
2024-12-07 17:20:01,corridor,1_2_2,2024-12-07
2024-12-07 17:21:08,corridor,1_2_2,2024-12-07
2024-12-07 17:22:24,corridor,1_2_2,2024-12-07
2024-12-07 17:23:24,corridor,1_2_2,2024-12-07
2024-12-07 17:24:38,corridor,1_2_2,2024-12-07
2024-12-07 17:25:55,corridor,1_2_2,2024-12-07
2024-12-07 17:27:11,corridor,1_2_2,2024-12-07
2024-12-07 17:28:17,corridor,1_2_2,2024-12-07
2024-12-07 17:29:34,corridor,1_2_2,2024-12-07
2024-12-07 17:30:35,corridor,1_2_2,2024-12-07
2024-12-07 17:31:39,corridor,1_2_2,2024-12-07
2024-12-07 17:32:42,corridor,1_2_2,2024-12-07
2024-12-07 17:33:45,corridor,1_2_2,2024-12-07
2024-12-07 17:35:02,corridor,1_2_2,2024-12-07
2024-12-07 17:36:02,corridor,1_2_2,2024-12-07
2024-12-07 17:37:05,corridor,1_2_2,2024-12-07
2024-12-07 17:38:06,corridor,1_2_2,2024-12-07
2024-12-07 17:39:16,corridor,1_2_2,2024-12-07
2024-12-07 17:40:34,corridor,1_2_2,2024-12-07
2024-12-07 17:41:41,corridor,1_2_2,2024-12-07
2024-12-07 17:42:55,corridor,1_2_2,2024-12-07
2024-12-07 17:43:55,corridor,1_2_2,2024-12-07
2024-12-07 17:44:59,corridor,1_2_2,2024-12-07
2024-12-07 17:46:13,corridor,1_2_2,2024-12-07
2024-12-07 17:47:17,corridor,1_2_2,2024-12-07
2024-12-07 17:48:19,corridor,1_2_2,2024-12-07
2024-12-07 17:49:33,corridor,1_2_2,2024-12-07
2024-12-07 17:50:43,corridor,1_2_2,2024-12-07
2024-12-07 17:51:51,corridor,1_2_2,2024-12-07
2024-12-07 17:52:55,corridor,1_2_2,2024-12-07
2024-12-07 17:54:06,corridor,1_2_2,2024-12-07
2024-12-07 17:55:08,corridor,1_2_2,2024-12-07
2024-12-07 17:56:16,corridor,1_2_2,2024-12-07
2024-12-07 17:57:17,corridor,1_2_2,2024-12-07
2024-12-07 17:58:24,corridor,1_2_2,2024-12-07
2024-12-07 17:59:37,corridor,1_2_2,2024-12-07
2024-12-07 18:00:37,corridor,1_2_2,2024-12-07
2024-12-07 18:01:37,corridor,1_2_2,2024-12-07
2024-12-07 18:02:49,corridor,1_2_2,2024-12-07
2024-12-07 18:04:03,corridor,1_2_2,2024-12-07
2024-12-07 18:05:05,corridor,1_2_2,2024-12-07
2024-12-07 18:06:13,corridor,1_2_2,2024-12-07
2024-12-07 18:07:18,corridor,1_2_2,2024-12-07
2024-12-07 18:08:37,corridor,1_2_2,2024-12-07
2024-12-07 18:09:39,corridor,1_2_2,2024-12-07
2024-12-07 18:10:42,corridor,1_2_2,2024-12-07
2024-12-07 18:11:45,corridor,1_2_2,2024-12-07
2024-12-07 18:12:57,corridor,1_2_2,2024-12-07
2024-12-07 18:14:09,corridor,1_2_2,2024-12-07
2024-12-07 18:15:20,corridor,1_2_2,2024-12-07
2024-12-07 18:16:36,corridor,1_2_2,2024-12-07
2024-12-07 18:17:50,corridor,1_2_2,2024-12-07
2024-12-07 18:18:56,corridor,1_2_2,2024-12-07
2024-12-07 18:20:02,corridor,1_2_2,2024-12-07
2024-12-07 18:21:11,corridor,1_2_2,2024-12-07
2024-12-07 18:22:14,corridor,1_2_2,2024-12-07
2024-12-07 18:23:21,corridor,1_2_2,2024-12-07
2024-12-07 18:24:30,corridor,1_2_2,2024-12-07
2024-12-07 18:25:39,corridor,1_2_2,2024-12-07
2024-12-07 18:26:53,corridor,1_2_2,2024-12-07
2024-12-07 18:27:57,corridor,1_2_2,2024-12-07
2024-12-07 18:29:03,corridor,1_2_2,2024-12-07
2024-12-07 18:30:20,corridor,1_2_2,2024-12-07
2024-12-07 18:31:22,corridor,1_2_2,2024-12-07
2024-12-07 18:32:38,corridor,1_2_2,2024-12-07
2024-12-07 18:33:38,corridor,1_2_2,2024-12-07
2024-12-07 18:34:40,corridor,1_2_2,2024-12-07
2024-12-07 18:35:55,corridor,1_2_2,2024-12-07
2024-12-07 18:37:01,corridor,1_2_2,2024-12-07
2024-12-07 18:38:04,corridor,1_2_2,2024-12-07
2024-12-07 18:39:08,corridor,1_2_2,2024-12-07
2024-12-07 18:40:13,corridor,1_2_2,2024-12-07
2024-12-07 18:41:20,corridor,1_2_2,2024-12-07
2024-12-07 18:42:23,corridor,1_2_2,2024-12-07
2024-12-07 18:43:31,corridor,1_2_2,2024-12-07
2024-12-07 18:44:39,corridor,1_2_2,2024-12-07
2024-12-07 18:45:41,corridor,1_2_2,2024-12-07
2024-12-07 18:46:42,corridor,1_2_2,2024-12-07
2024-12-07 18:47:45,corridor,1_2_2,2024-12-07
2024-12-07 18:49:00,corridor,1_2_2,2024-12-07
2024-12-07 18:50:04,corridor,1_2_2,2024-12-07
2024-12-07 18:51:18,corridor,1_2_2,2024-12-07
2024-12-07 18:52:25,corridor,1_2_2,2024-12-07
2024-12-07 18:53:35,corridor,1_2_2,2024-12-07
2024-12-07 18:54:50,corridor,1_2_2,2024-12-07
2024-12-07 18:56:10,corridor,1_2_2,2024-12-07
2024-12-07 18:57:13,corridor,1_2_2,2024-12-07
2024-12-07 18:58:27,corridor,1_2_2,2024-12-07
2024-12-07 18:59:29,corridor,1_2_2,2024-12-07
2024-12-07 19:00:47,corridor,1_2_2,2024-12-07
2024-12-07 19:02:03,corridor,1_2_2,2024-12-07
2024-12-07 19:03:23,corridor,1_2_2,2024-12-07
2024-12-07 19:04:42,corridor,1_2_2,2024-12-07
2024-12-07 19:05:56,corridor,1_2_2,2024-12-07
2024-12-07 19:07:04,corridor,1_2_2,2024-12-07
2024-12-07 19:08:16,corridor,1_2_2,2024-12-07
2024-12-07 19:09:21,corridor,1_2_2,2024-12-07
2024-12-07 19:10:41,corridor,1_2_2,2024-12-07
2024-12-07 19:11:47,corridor,1_2_2,2024-12-07
2024-12-07 19:13:06,corridor,1_2_2,2024-12-07
2024-12-07 19:14:14,corridor,1_2_2,2024-12-07
2024-12-07 19:15:14,corridor,1_2_2,2024-12-07
2024-12-07 19:16:26,corridor,1_2_2,2024-12-07
2024-12-07 19:17:42,corridor,1_2_2,2024-12-07
2024-12-07 19:18:52,corridor,1_2_2,2024-12-07
2024-12-07 19:20:00,corridor,1_2_2,2024-12-07
2024-12-07 19:21:19,corridor,1_2_2,2024-12-07
2024-12-07 19:22:29,corridor,1_2_2,2024-12-07
2024-12-07 19:23:35,corridor,1_2_2,2024-12-07
2024-12-07 19:24:37,corridor,1_2_2,2024-12-07
2024-12-07 19:25:41,corridor,1_2_2,2024-12-07
2024-12-07 19:26:56,corridor,1_2_2,2024-12-07
2024-12-07 19:27:56,corridor,1_2_2,2024-12-07
2024-12-07 19:29:02,corridor,1_2_2,2024-12-07
2024-12-07 19:30:17,corridor,1_2_2,2024-12-07
2024-12-07 19:31:32,corridor,1_2_2,2024-12-07
2024-12-07 19:32:34,corridor,1_2_2,2024-12-07
2024-12-07 19:33:43,corridor,1_2_2,2024-12-07
2024-12-07 19:34:50,corridor,1_2_2,2024-12-07
2024-12-07 19:35:55,corridor,1_2_2,2024-12-07
2024-12-07 19:37:10,corridor,1_2_2,2024-12-07
2024-12-07 19:38:24,corridor,1_2_2,2024-12-07
2024-12-07 19:39:44,corridor,1_2_2,2024-12-07
2024-12-07 19:40:56,corridor,1_2_2,2024-12-07
2024-12-07 19:42:09,corridor,1_2_2,2024-12-07
2024-12-07 19:43:15,corridor,1_2_2,2024-12-07
2024-12-07 19:44:15,corridor,1_2_2,2024-12-07
2024-12-07 19:45:29,corridor,1_2_2,2024-12-07
2024-12-07 19:46:39,corridor,1_2_2,2024-12-07
2024-12-07 19:47:53,corridor,1_2_2,2024-12-07
2024-12-07 19:49:00,corridor,1_2_2,2024-12-07
2024-12-07 19:50:01,corridor,1_2_2,2024-12-07
2024-12-07 19:51:10,corridor,1_2_2,2024-12-07
2024-12-07 19:52:29,corridor,1_2_2,2024-12-07
2024-12-07 19:53:38,corridor,1_2_2,2024-12-07
2024-12-07 19:54:40,corridor,1_2_2,2024-12-07
2024-12-07 19:55:59,corridor,1_2_2,2024-12-07
2024-12-07 19:57:05,corridor,1_2_2,2024-12-07
2024-12-07 19:58:09,corridor,1_2_2,2024-12-07
2024-12-07 19:59:27,corridor,1_2_2,2024-12-07
2024-12-07 20:00:39,corridor,1_2_2,2024-12-07
2024-12-07 20:01:44,corridor,1_2_2,2024-12-07
2024-12-07 20:02:59,corridor,1_2_2,2024-12-07
2024-12-07 20:04:08,corridor,1_2_2,2024-12-07
2024-12-07 20:05:21,corridor,1_2_2,2024-12-07
2024-12-07 20:06:26,corridor,1_2_2,2024-12-07
2024-12-07 20:07:38,corridor,1_2_2,2024-12-07
2024-12-07 20:08:52,corridor,1_2_2,2024-12-07
2024-12-07 20:09:59,corridor,1_2_2,2024-12-07
2024-12-07 20:11:07,corridor,1_2_2,2024-12-07
2024-12-07 20:12:07,corridor,1_2_2,2024-12-07
2024-12-07 20:13:13,corridor,1_2_2,2024-12-07
2024-12-07 20:14:22,corridor,1_2_2,2024-12-07
2024-12-07 20:15:26,corridor,1_2_2,2024-12-07
2024-12-07 20:16:28,corridor,1_2_2,2024-12-07
2024-12-07 20:17:43,corridor,1_2_2,2024-12-07
2024-12-07 20:19:01,corridor,1_2_2,2024-12-07
2024-12-07 20:20:09,corridor,1_2_2,2024-12-07
2024-12-07 20:21:09,corridor,1_2_2,2024-12-07
2024-12-07 20:22:15,corridor,1_2_2,2024-12-07
2024-12-07 20:23:21,corridor,1_2_2,2024-12-07
2024-12-07 20:24:36,corridor,1_2_2,2024-12-07
2024-12-07 20:25:56,corridor,1_2_2,2024-12-07
2024-12-07 20:27:02,corridor,1_2_2,2024-12-07
2024-12-07 20:28:05,corridor,1_2_2,2024-12-07
2024-12-07 20:29:20,corridor,1_2_2,2024-12-07
2024-12-07 20:30:25,corridor,1_2_2,2024-12-07
2024-12-07 20:31:25,corridor,1_2_2,2024-12-07
2024-12-07 20:32:42,corridor,1_2_2,2024-12-07
2024-12-07 20:33:48,corridor,1_2_2,2024-12-07
2024-12-07 20:34:59,corridor,1_2_2,2024-12-07
2024-12-07 20:36:00,corridor,1_2_2,2024-12-07
2024-12-07 20:37:17,corridor,1_2_2,2024-12-07
2024-12-07 20:38:30,corridor,1_2_2,2024-12-07
2024-12-07 20:39:39,corridor,1_2_2,2024-12-07
2024-12-07 20:40:59,corridor,1_2_2,2024-12-07
2024-12-07 20:42:15,corridor,1_2_2,2024-12-07
2024-12-07 20:43:28,corridor,1_2_2,2024-12-07
2024-12-07 20:44:47,corridor,1_2_2,2024-12-07
2024-12-07 20:45:57,corridor,1_2_2,2024-12-07
2024-12-07 20:47:04,corridor,1_2_2,2024-12-07
2024-12-07 20:48:17,corridor,1_2_2,2024-12-07
2024-12-07 20:49:19,corridor,1_2_2,2024-12-07
2024-12-07 20:50:38,corridor,1_2_2,2024-12-07
2024-12-07 20:51:48,corridor,1_2_2,2024-12-07
2024-12-07 20:52:55,corridor,1_2_2,2024-12-07
2024-12-07 20:54:04,corridor,1_2_2,2024-12-07
2024-12-07 20:55:08,corridor,1_2_2,2024-12-07
2024-12-07 20:56:22,corridor,1_2_2,2024-12-07
2024-12-07 20:57:23,corridor,1_2_2,2024-12-07
2024-12-07 20:58:33,corridor,1_2_2,2024-12-07
2024-12-07 20:59:43,corridor,1_2_2,2024-12-07
2024-12-07 21:00:53,corridor,1_2_2,2024-12-07
2024-12-07 21:02:04,corridor,1_2_2,2024-12-07
2024-12-07 21:03:18,corridor,1_2_2,2024-12-07
2024-12-07 21:04:29,corridor,1_2_2,2024-12-07
2024-12-07 21:05:33,corridor,1_2_2,2024-12-07
2024-12-07 21:06:47,corridor,1_2_2,2024-12-07
2024-12-07 21:07:51,corridor,1_2_2,2024-12-07
2024-12-07 21:08:54,corridor,1_2_2,2024-12-07
2024-12-07 21:09:59,corridor,1_2_2,2024-12-07
2024-12-07 21:11:14,corridor,1_2_2,2024-12-07
2024-12-07 21:12:26,corridor,1_2_2,2024-12-07
2024-12-07 21:13:29,corridor,1_2_2,2024-12-07
2024-12-07 21:14:39,corridor,1_2_2,2024-12-07
2024-12-07 21:15:51,corridor,1_2_2,2024-12-07
2024-12-07 21:17:09,corridor,1_2_2,2024-12-07
2024-12-07 21:18:29,corridor,1_2_2,2024-12-07
2024-12-07 21:19:46,corridor,1_2_2,2024-12-07
2024-12-07 21:20:50,corridor,1_2_2,2024-12-07
2024-12-07 21:21:57,corridor,1_2_2,2024-12-07
2024-12-07 21:22:57,corridor,1_2_2,2024-12-07
2024-12-07 21:24:04,corridor,1_2_2,2024-12-07
2024-12-07 21:25:22,corridor,1_2_2,2024-12-07
2024-12-07 21:26:41,corridor,1_2_2,2024-12-07
2024-12-07 21:27:56,corridor,1_2_2,2024-12-07
2024-12-07 21:29:16,corridor,1_2_2,2024-12-07
2024-12-07 21:30:33,corridor,1_2_2,2024-12-07
2024-12-07 21:31:46,corridor,1_2_2,2024-12-07
2024-12-07 21:32:52,corridor,1_2_2,2024-12-07
2024-12-07 21:33:58,corridor,1_2_2,2024-12-07
2024-12-07 21:35:11,corridor,1_2_2,2024-12-07
2024-12-07 21:36:17,corridor,1_2_2,2024-12-07
2024-12-07 21:37:22,corridor,1_2_2,2024-12-07
2024-12-07 21:38:26,corridor,1_2_2,2024-12-07
2024-12-07 21:39:46,corridor,1_2_2,2024-12-07
2024-12-07 21:40:50,corridor,1_2_2,2024-12-07
2024-12-07 21:42:02,corridor,1_2_2,2024-12-07
2024-12-07 21:43:20,corridor,1_2_2,2024-12-07
2024-12-07 21:44:28,corridor,1_2_2,2024-12-07
2024-12-07 21:45:33,corridor,1_2_2,2024-12-07
2024-12-07 21:46:38,corridor,1_2_2,2024-12-07
2024-12-07 21:47:57,corridor,1_2_2,2024-12-07
2024-12-07 21:49:04,corridor,1_2_2,2024-12-07
2024-12-07 21:50:21,corridor,1_2_2,2024-12-07
2024-12-07 21:51:39,corridor,1_2_2,2024-12-07
2024-12-07 21:52:51,corridor,1_2_2,2024-12-07
2024-12-07 21:53:56,corridor,1_2_2,2024-12-07
2024-12-07 21:55:12,corridor,1_2_2,2024-12-07
2024-12-07 21:56:29,corridor,1_2_2,2024-12-07
2024-12-07 21:57:35,corridor,1_2_2,2024-12-07
2024-12-07 21:58:52,corridor,1_2_2,2024-12-07
2024-12-07 22:24:04,bathroom,1_3_11,2024-12-07
2024-12-07 22:21:04,bed,1_4_13,2024-12-07
2024-12-07 22:14:04,bathroom,1_3_11,2024-12-07
2024-12-07 22:10:04,corridor,1_2_2,2024-12-07
2024-12-07 22:39:04,bathroom,1_3_11,2024-12-07
